filename,width,height,class,xmin,ymin,xmax,ymax
teamelement433.jpg,300,300,middle,8,0,105,123
teamelement801.jpg,300,300,middle,7,0,92,86
teamelement522.jpg,300,300,right,242,0,299,137
teamelement400.jpg,300,300,middle,65,0,130,59
teamelement719.jpg,300,300,middle,42,0,118,72
teamelement274.jpg,300,300,right,187,0,256,60
teamelement1196.jpg,300,300,middle,36,0,101,52
teamelement1388.jpg,300,300,right,23,0,103,90
teamelement315.jpg,300,300,middle,3,0,78,51
teamelement149.jpg,300,300,right,203,0,294,85
teamelement1298.jpg,300,300,right,253,0,299,58
teamelement917.jpg,300,300,right,160,0,228,35
teamelement890.jpg,300,300,right,153,0,277,162
teamelement1150.jpg,300,300,middle,53,0,119,66
teamelement1426.jpg,300,300,middle,0,0,74,102
teamelement333.jpg,300,300,middle,0,0,79,94
teamelement636.jpg,300,300,right,184,0,288,104
teamelement936.jpg,300,300,right,178,0,244,50
teamelement1003.jpg,300,300,right,205,0,261,26
teamelement288.jpg,300,300,right,208,0,269,34
teamelement673.jpg,300,300,middle,0,0,66,99
teamelement1212.jpg,300,300,right,206,0,284,52
teamelement509.jpg,300,300,right,208,0,299,135
teamelement1273.jpg,300,300,right,248,0,299,87
teamelement1023.jpg,300,300,middle,12,0,96,82
teamelement1308.jpg,300,300,right,180,0,238,32
teamelement700.jpg,300,300,middle,0,0,79,62
teamelement183.jpg,300,300,right,219,0,291,66
teamelement725.jpg,300,300,middle,0,0,86,93
teamelement1245.jpg,300,300,right,246,0,299,74
teamelement248.jpg,300,300,right,215,0,288,49
teamelement419.jpg,300,300,middle,51,0,144,62
teamelement932.jpg,300,300,right,187,0,277,85
teamelement1366.jpg,300,300,right,182,0,233,28
teamelement381.jpg,300,300,middle,0,0,76,73
teamelement127.jpg,300,300,right,207,0,276,43
teamelement1394.jpg,300,300,middle,82,0,147,54
teamelement1046.jpg,300,300,middle,60,0,126,34
teamelement779.jpg,300,300,middle,0,0,80,71
teamelement187.jpg,300,300,right,215,0,279,45
teamelement948.jpg,300,300,right,193,0,265,60
teamelement1087.jpg,300,300,middle,36,0,110,80
teamelement1364.jpg,300,300,right,195,0,246,28
teamelement881.jpg,300,300,right,184,0,277,99
teamelement172.jpg,300,300,right,188,0,293,121
teamelement318.jpg,300,300,middle,0,0,66,106
teamelement980.jpg,300,300,right,177,0,265,101
teamelement222.jpg,300,300,right,197,0,263,42
teamelement566.jpg,300,300,right,161,0,236,66
teamelement320.jpg,300,300,middle,41,0,115,50
teamelement678.jpg,300,300,middle,0,0,90,125
teamelement313.jpg,300,300,middle,28,0,105,47
teamelement479.jpg,300,300,middle,25,0,107,73
teamelement13.jpg,300,300,middle,22,0,98,62
teamelement1164.jpg,300,300,middle,31,0,86,37
teamelement1343.jpg,300,300,right,218,0,284,45
teamelement1413.jpg,300,300,middle,61,0,124,64
teamelement769.jpg,300,300,middle,17,0,105,85
teamelement1344.jpg,300,300,right,216,0,279,47
teamelement244.jpg,300,300,right,228,0,299,87
teamelement847.jpg,300,300,right,216,0,299,85
teamelement501.jpg,300,300,right,222,0,299,82
teamelement592.jpg,300,300,right,183,0,275,95
teamelement10.jpg,300,300,middle,0,0,72,67
teamelement770.jpg,300,300,middle,61,0,139,59
teamelement1013.jpg,300,300,right,166,0,252,82
teamelement186.jpg,300,300,right,213,0,277,47
teamelement823.jpg,300,300,middle,46,0,121,54
teamelement975.jpg,300,300,right,205,0,272,47
teamelement1248.jpg,300,300,right,203,0,267,34
teamelement458.jpg,300,300,middle,44,0,126,70
teamelement1418.jpg,300,300,middle,89,0,145,37
teamelement585.jpg,300,300,right,152,0,250,91
teamelement474.jpg,300,300,middle,61,0,138,68
teamelement11.jpg,300,300,middle,0,0,59,68
teamelement652.jpg,300,300,right,212,0,299,125
teamelement795.jpg,300,300,middle,0,0,61,115
teamelement136.jpg,300,300,right,191,0,247,19
teamelement1201.jpg,300,300,right,192,0,255,51
teamelement131.jpg,300,300,right,198,0,260,31
teamelement441.jpg,300,300,middle,97,0,159,46
teamelement541.jpg,300,300,right,198,0,271,71
teamelement1031.jpg,300,300,middle,0,0,86,79
teamelement1299.jpg,300,300,right,271,0,299,39
teamelement629.jpg,300,300,right,198,0,272,69
teamelement517.jpg,300,300,right,240,0,299,110
teamelement198.jpg,300,300,right,194,0,269,55
teamelement86.jpg,300,300,middle,31,0,96,40
teamelement653.jpg,300,300,right,198,0,299,198
teamelement141.jpg,300,300,right,172,0,243,42
teamelement649.jpg,300,300,right,149,0,258,143
teamelement875.jpg,300,300,right,180,0,253,64
teamelement1209.jpg,300,300,right,208,0,265,32
teamelement739.jpg,300,300,middle,44,0,120,74
teamelement425.jpg,300,300,middle,0,0,49,54
teamelement1055.jpg,300,300,middle,0,0,67,164
teamelement534.jpg,300,300,right,135,0,205,64
teamelement606.jpg,300,300,right,186,0,248,43
teamelement933.jpg,300,300,right,215,0,287,64
teamelement1363.jpg,300,300,right,255,0,299,35
teamelement550.jpg,300,300,right,244,0,299,41
teamelement357.jpg,300,300,middle,0,0,90,106
teamelement1331.jpg,300,300,right,184,0,239,24
teamelement692.jpg,300,300,middle,0,0,84,79
teamelement626.jpg,300,300,right,180,0,258,84
teamelement891.jpg,300,300,right,192,0,287,104
teamelement165.jpg,300,300,right,194,0,268,59
teamelement1179.jpg,300,300,middle,64,0,128,64
teamelement53.jpg,300,300,middle,17,0,105,78
teamelement431.jpg,300,300,middle,62,0,139,88
teamelement356.jpg,300,300,middle,0,0,87,84
teamelement420.jpg,300,300,middle,70,0,148,63
teamelement1166.jpg,300,300,middle,52,0,106,34
teamelement486.jpg,300,300,right,201,0,286,88
teamelement485.jpg,300,300,right,211,0,296,101
teamelement745.jpg,300,300,middle,38,0,111,51
teamelement454.jpg,300,300,middle,53,0,141,85
teamelement790.jpg,300,300,middle,25,0,107,68
teamelement422.jpg,300,300,middle,34,0,114,60
teamelement502.jpg,300,300,right,188,0,278,101
teamelement287.jpg,300,300,right,185,0,246,31
teamelement772.jpg,300,300,middle,14,0,94,52
teamelement93.jpg,300,300,middle,22,0,85,37
teamelement1169.jpg,300,300,middle,32,0,89,35
teamelement469.jpg,300,300,middle,0,0,49,140
teamelement558.jpg,300,300,right,186,0,267,88
teamelement793.jpg,300,300,middle,49,0,119,51
teamelement106.jpg,300,300,middle,27,0,98,45
teamelement560.jpg,300,300,right,199,0,274,74
teamelement352.jpg,300,300,middle,51,0,124,55
teamelement889.jpg,300,300,right,153,0,259,114
teamelement748.jpg,300,300,middle,66,0,134,45
teamelement393.jpg,300,300,middle,18,0,100,62
teamelement189.jpg,300,300,right,201,0,263,41
teamelement1147.jpg,300,300,middle,11,0,91,58
teamelement212.jpg,300,300,right,196,0,282,97
teamelement262.jpg,300,300,right,209,0,285,60
teamelement646.jpg,300,300,right,249,0,299,105
teamelement342.jpg,300,300,middle,6,0,77,47
teamelement1323.jpg,300,300,right,165,0,229,50
teamelement116.jpg,300,300,middle,25,0,107,83
teamelement1033.jpg,300,300,middle,93,0,166,54
teamelement1081.jpg,300,300,middle,0,0,66,80
teamelement408.jpg,300,300,middle,47,0,135,94
teamelement1249.jpg,300,300,right,180,0,267,76
teamelement579.jpg,300,300,right,242,0,299,84
teamelement1271.jpg,300,300,right,218,0,297,79
teamelement911.jpg,300,300,right,220,0,281,27
teamelement1327.jpg,300,300,right,189,0,253,41
teamelement559.jpg,300,300,right,218,0,299,147
teamelement1197.jpg,300,300,middle,23,0,94,63
teamelement372.jpg,300,300,middle,87,0,149,41
teamelement954.jpg,300,300,right,200,0,271,67
teamelement894.jpg,300,300,right,223,0,299,92
teamelement836.jpg,300,300,middle,24,0,98,55
teamelement456.jpg,300,300,middle,43,0,141,76
teamelement229.jpg,300,300,right,175,0,251,53
teamelement1053.jpg,300,300,middle,0,0,93,119
teamelement396.jpg,300,300,middle,5,0,80,60
teamelement648.jpg,300,300,right,169,0,274,129
teamelement846.jpg,300,300,right,229,0,299,78
teamelement697.jpg,300,300,middle,0,0,58,67
teamelement334.jpg,300,300,middle,0,0,76,114
teamelement120.jpg,300,300,middle,4,0,99,95
teamelement824.jpg,300,300,middle,0,0,58,69
teamelement669.jpg,300,300,middle,48,0,113,36
teamelement860.jpg,300,300,right,192,0,260,47
teamelement353.jpg,300,300,middle,28,0,101,54
teamelement1050.jpg,300,300,middle,36,0,99,37
teamelement716.jpg,300,300,middle,0,0,75,94
teamelement1100.jpg,300,300,middle,0,0,63,112
teamelement123.jpg,300,300,right,150,0,216,50
teamelement907.jpg,300,300,right,211,0,279,45
teamelement1056.jpg,300,300,middle,0,0,69,111
teamelement323.jpg,300,300,middle,38,0,102,41
teamelement444.jpg,300,300,middle,18,0,98,68
teamelement902.jpg,300,300,right,185,0,248,45
teamelement1133.jpg,300,300,middle,23,0,95,56
teamelement885.jpg,300,300,right,159,0,239,61
teamelement752.jpg,300,300,middle,16,0,111,89
teamelement1106.jpg,300,300,middle,64,0,122,44
teamelement1293.jpg,300,300,right,151,0,216,39
teamelement991.jpg,300,300,right,201,0,296,109
teamelement1184.jpg,300,300,middle,0,0,64,58
teamelement840.jpg,300,300,middle,7,0,91,74
teamelement341.jpg,300,300,middle,61,0,127,44
teamelement612.jpg,300,300,right,197,0,260,41
teamelement1187.jpg,300,300,middle,0,0,56,61
teamelement721.jpg,300,300,middle,2,0,88,92
teamelement1286.jpg,300,300,right,222,0,299,83
teamelement1378.jpg,300,300,right,220,0,281,42
teamelement125.jpg,300,300,right,189,0,256,43
teamelement1285.jpg,300,300,right,215,0,285,48
teamelement1148.jpg,300,300,middle,5,0,86,56
teamelement905.jpg,300,300,right,211,0,269,33
teamelement584.jpg,300,300,right,198,0,287,93
teamelement664.jpg,300,300,middle,14,0,101,91
teamelement698.jpg,300,300,middle,37,0,99,44
teamelement617.jpg,300,300,right,198,0,268,67
teamelement764.jpg,300,300,middle,0,0,84,110
teamelement574.jpg,300,300,right,217,0,299,92
teamelement970.jpg,300,300,right,228,0,296,54
teamelement988.jpg,300,300,right,172,0,255,88
teamelement1231.jpg,300,300,right,218,0,279,35
teamelement587.jpg,300,300,right,159,0,258,94
teamelement1030.jpg,300,300,middle,47,0,134,63
teamelement398.jpg,300,300,middle,0,0,74,62
teamelement639.jpg,300,300,right,192,0,288,113
teamelement569.jpg,300,300,right,173,0,256,67
teamelement1207.jpg,300,300,right,185,0,246,45
teamelement930.jpg,300,300,right,176,0,284,123
teamelement765.jpg,300,300,middle,0,0,79,147
teamelement888.jpg,300,300,right,207,0,299,110
teamelement755.jpg,300,300,middle,0,0,126,163
teamelement687.jpg,300,300,middle,10,0,86,61
teamelement684.jpg,300,300,middle,0,0,83,99
teamelement1111.jpg,300,300,middle,48,0,111,40
teamelement804.jpg,300,300,middle,49,0,126,75
teamelement1136.jpg,300,300,middle,75,0,137,53
teamelement446.jpg,300,300,middle,0,0,50,96
teamelement300.jpg,300,300,right,186,0,272,92
teamelement874.jpg,300,300,right,210,0,299,124
teamelement644.jpg,300,300,right,198,0,280,86
teamelement102.jpg,300,300,middle,4,0,67,36
teamelement1255.jpg,300,300,right,212,0,298,80
teamelement296.jpg,300,300,right,163,0,226,47
teamelement1042.jpg,300,300,middle,3,0,81,63
teamelement498.jpg,300,300,right,226,0,299,140
teamelement540.jpg,300,300,right,147,0,219,59
teamelement56.jpg,300,300,middle,0,0,43,78
teamelement1311.jpg,300,300,right,158,0,212,23
teamelement986.jpg,300,300,right,185,0,283,107
teamelement855.jpg,300,300,right,180,0,245,51
teamelement316.jpg,300,300,middle,0,0,83,61
teamelement1199.jpg,300,300,middle,69,0,126,41
teamelement327.jpg,300,300,middle,35,0,107,40
teamelement531.jpg,300,300,right,232,0,299,51
teamelement1230.jpg,300,300,right,221,0,285,51
teamelement1349.jpg,300,300,right,202,0,265,60
teamelement709.jpg,300,300,middle,0,0,94,99
teamelement1192.jpg,300,300,middle,56,0,118,55
teamelement311.jpg,300,300,middle,31,0,109,58
teamelement492.jpg,300,300,right,225,0,288,49
teamelement210.jpg,300,300,right,199,0,298,117
teamelement827.jpg,300,300,middle,34,0,125,84
teamelement1269.jpg,300,300,right,204,0,285,77
teamelement1302.jpg,300,300,right,206,0,268,52
teamelement118.jpg,300,300,middle,0,0,74,82
teamelement683.jpg,300,300,middle,0,0,97,106
teamelement185.jpg,300,300,right,199,0,266,51
teamelement985.jpg,300,300,right,172,0,254,83
teamelement354.jpg,300,300,middle,0,0,70,48
teamelement1329.jpg,300,300,right,165,0,231,36
teamelement763.jpg,300,300,middle,11,0,109,101
teamelement139.jpg,300,300,right,172,0,230,17
teamelement83.jpg,300,300,middle,28,0,93,42
teamelement778.jpg,300,300,middle,0,0,80,61
teamelement989.jpg,300,300,right,229,0,299,101
teamelement916.jpg,300,300,right,163,0,216,32
teamelement957.jpg,300,300,right,172,0,249,76
teamelement8.jpg,300,300,middle,0,0,38,78
teamelement495.jpg,300,300,right,204,0,271,59
teamelement583.jpg,300,300,right,167,0,244,84
teamelement42.jpg,300,300,middle,0,0,43,79
teamelement1090.jpg,300,300,middle,53,0,134,88
teamelement670.jpg,300,300,middle,100,0,162,37
teamelement1322.jpg,300,300,right,158,0,224,51
teamelement273.jpg,300,300,right,207,0,284,73
teamelement1075.jpg,300,300,middle,29,0,100,64
teamelement472.jpg,300,300,middle,13,0,100,90
teamelement731.jpg,300,300,middle,36,0,103,63
teamelement630.jpg,300,300,right,220,0,285,40
teamelement1358.jpg,300,300,right,232,0,299,70
teamelement200.jpg,300,300,right,174,0,258,68
teamelement1078.jpg,300,300,middle,0,0,39,152
teamelement317.jpg,300,300,middle,0,0,80,84
teamelement188.jpg,300,300,right,219,0,283,45
teamelement982.jpg,300,300,right,233,0,299,113
teamelement863.jpg,300,300,right,197,0,277,67
teamelement901.jpg,300,300,right,193,0,261,48
teamelement1228.jpg,300,300,right,195,0,259,46
teamelement104.jpg,300,300,middle,38,0,97,31
teamelement1119.jpg,300,300,middle,52,0,119,69
teamelement791.jpg,300,300,middle,0,0,82,100
teamelement1176.jpg,300,300,middle,5,0,68,56
teamelement663.jpg,300,300,middle,41,0,117,69
teamelement435.jpg,300,300,middle,13,0,81,51
teamelement130.jpg,300,300,right,198,0,262,36
teamelement238.jpg,300,300,right,200,0,296,85
teamelement376.jpg,300,300,middle,39,0,110,55
teamelement30.jpg,300,300,middle,0,0,50,68
teamelement536.jpg,300,300,right,175,0,244,67
teamelement1239.jpg,300,300,right,195,0,260,45
teamelement1142.jpg,300,300,middle,11,0,89,73
teamelement497.jpg,300,300,right,218,0,299,110
teamelement928.jpg,300,300,right,241,0,299,79
teamelement392.jpg,300,300,middle,22,0,99,53
teamelement180.jpg,300,300,right,205,0,283,77
teamelement1029.jpg,300,300,middle,12,0,111,108
teamelement1385.jpg,300,300,right,69,0,132,54
teamelement1028.jpg,300,300,middle,45,0,134,81
teamelement638.jpg,300,300,right,197,0,286,103
teamelement1134.jpg,300,300,middle,5,0,88,86
teamelement276.jpg,300,300,right,224,0,297,58
teamelement976.jpg,300,300,right,212,0,269,34
teamelement751.jpg,300,300,middle,64,0,152,77
teamelement910.jpg,300,300,right,211,0,269,25
teamelement167.jpg,300,300,right,177,0,242,57
teamelement828.jpg,300,300,middle,0,0,80,103
teamelement718.jpg,300,300,middle,0,0,85,80
teamelement368.jpg,300,300,middle,48,0,113,46
teamelement1412.jpg,300,300,middle,54,0,118,59
teamelement1429.jpg,300,300,middle,0,0,49,93
teamelement268.jpg,300,300,right,201,0,299,135
teamelement1257.jpg,300,300,right,208,0,270,42
teamelement602.jpg,300,300,right,167,0,231,53
teamelement1305.jpg,300,300,right,166,0,243,79
teamelement1223.jpg,300,300,right,189,0,248,50
teamelement477.jpg,300,300,middle,15,0,96,73
teamelement856.jpg,300,300,right,228,0,299,87
teamelement1406.jpg,300,300,middle,56,0,111,33
teamelement29.jpg,300,300,middle,0,0,58,63
teamelement1004.jpg,300,300,right,196,0,260,43
teamelement291.jpg,300,300,right,195,0,254,38
teamelement126.jpg,300,300,right,205,0,274,44
teamelement1208.jpg,300,300,right,196,0,253,43
teamelement878.jpg,300,300,right,178,0,262,105
teamelement397.jpg,300,300,middle,23,0,101,57
teamelement1392.jpg,300,300,middle,11,0,117,125
teamelement1300.jpg,300,300,right,239,0,299,47
teamelement524.jpg,300,300,right,209,0,293,93
teamelement921.jpg,300,300,right,161,0,224,44
teamelement942.jpg,300,300,right,204,0,299,102
teamelement1032.jpg,300,300,middle,58,0,154,104
teamelement593.jpg,300,300,right,195,0,299,94
teamelement171.jpg,300,300,right,148,0,244,88
teamelement1005.jpg,300,300,right,218,0,293,60
teamelement403.jpg,300,300,middle,0,0,70,128
teamelement1381.jpg,300,300,right,70,0,129,55
teamelement455.jpg,300,300,middle,53,0,136,69
teamelement666.jpg,300,300,middle,37,0,104,46
teamelement622.jpg,300,300,right,187,0,263,80
teamelement430.jpg,300,300,middle,65,0,145,83
teamelement464.jpg,300,300,middle,0,0,98,121
teamelement418.jpg,300,300,middle,62,0,142,60
teamelement1291.jpg,300,300,right,214,0,299,76
teamelement462.jpg,300,300,middle,43,0,130,104
teamelement480.jpg,300,300,middle,38,0,131,87
teamelement1108.jpg,300,300,middle,67,0,125,41
teamelement864.jpg,300,300,right,199,0,274,47
teamelement121.jpg,300,300,right,150,0,216,47
teamelement437.jpg,300,300,middle,39,0,112,47
teamelement939.jpg,300,300,right,200,0,278,66
teamelement1436.jpg,300,300,middle,12,0,70,32
teamelement232.jpg,300,300,right,247,0,299,88
teamelement38.jpg,300,300,middle,0,0,75,82
teamelement967.jpg,300,300,right,265,0,299,85
teamelement1000.jpg,300,300,right,198,0,256,30
teamelement657.jpg,300,300,right,229,0,299,124
teamelement1217.jpg,300,300,right,230,0,299,50
teamelement1200.jpg,300,300,middle,27,0,99,71
teamelement776.jpg,300,300,middle,0,0,75,49
teamelement157.jpg,300,300,right,192,0,288,116
teamelement937.jpg,300,300,right,184,0,254,57
teamelement1268.jpg,300,300,right,230,0,289,34
teamelement267.jpg,300,300,right,227,0,299,120
teamelement1066.jpg,300,300,middle,52,0,112,29
teamelement961.jpg,300,300,right,178,0,264,97
teamelement491.jpg,300,300,right,220,0,284,49
teamelement625.jpg,300,300,right,157,0,236,80
teamelement360.jpg,300,300,middle,33,0,108,54
teamelement637.jpg,300,300,right,192,0,277,102
teamelement41.jpg,300,300,middle,0,0,40,72
teamelement528.jpg,300,300,right,219,0,283,47
teamelement436.jpg,300,300,middle,79,0,144,56
teamelement940.jpg,300,300,right,185,0,253,52
teamelement247.jpg,300,300,right,204,0,278,57
teamelement1290.jpg,300,300,right,182,0,255,52
teamelement1145.jpg,300,300,middle,36,0,104,59
teamelement203.jpg,300,300,right,177,0,261,87
teamelement879.jpg,300,300,right,147,0,229,64
teamelement230.jpg,300,300,right,170,0,253,60
teamelement293.jpg,300,300,right,188,0,251,39
teamelement893.jpg,300,300,right,187,0,299,148
teamelement747.jpg,300,300,middle,11,0,86,48
teamelement1410.jpg,300,300,middle,0,0,73,89
teamelement757.jpg,300,300,middle,36,0,141,108
teamelement266.jpg,300,300,right,215,0,299,100
teamelement96.jpg,300,300,middle,36,0,98,37
teamelement768.jpg,300,300,middle,22,0,103,66
teamelement974.jpg,300,300,right,212,0,285,62
teamelement1326.jpg,300,300,right,219,0,278,34
teamelement1124.jpg,300,300,middle,11,0,84,47
teamelement596.jpg,300,300,right,174,0,254,89
teamelement1371.jpg,300,300,right,220,0,285,65
teamelement1203.jpg,300,300,right,194,0,260,48
teamelement744.jpg,300,300,middle,73,0,142,56
teamelement586.jpg,300,300,right,144,0,239,88
teamelement1324.jpg,300,300,right,186,0,263,69
teamelement511.jpg,300,300,right,196,0,299,181
teamelement1218.jpg,300,300,right,226,0,292,55
teamelement733.jpg,300,300,middle,20,0,92,66
teamelement384.jpg,300,300,middle,9,0,109,96
teamelement819.jpg,300,300,middle,13,0,93,65
teamelement965.jpg,300,300,right,173,0,261,107
teamelement565.jpg,300,300,right,201,0,290,83
teamelement66.jpg,300,300,middle,0,0,96,121
teamelement841.jpg,300,300,right,243,0,299,78
teamelement173.jpg,300,300,right,199,0,299,137
teamelement1233.jpg,300,300,right,196,0,255,38
teamelement858.jpg,300,300,right,206,0,281,57
teamelement382.jpg,300,300,middle,0,0,85,76
teamelement324.jpg,300,300,middle,38,0,108,56
teamelement227.jpg,300,300,right,170,0,247,62
teamelement1132.jpg,300,300,middle,54,0,127,74
teamelement34.jpg,300,300,middle,0,0,42,101
teamelement487.jpg,300,300,right,200,0,273,68
teamelement1303.jpg,300,300,right,175,0,237,53
teamelement1140.jpg,300,300,middle,0,0,80,105
teamelement830.jpg,300,300,middle,29,0,105,59
teamelement503.jpg,300,300,right,198,0,299,161
teamelement395.jpg,300,300,middle,40,0,117,60
teamelement780.jpg,300,300,middle,0,0,91,73
teamelement926.jpg,300,300,right,227,0,299,186
teamelement250.jpg,300,300,right,199,0,273,48
teamelement787.jpg,300,300,middle,0,0,72,100
teamelement898.jpg,300,300,right,160,0,221,42
teamelement1105.jpg,300,300,middle,59,0,118,51
teamelement1376.jpg,300,300,right,181,0,238,50
teamelement1386.jpg,300,300,right,55,0,118,61
teamelement915.jpg,300,300,right,215,0,276,35
teamelement903.jpg,300,300,right,189,0,281,96
teamelement448.jpg,300,300,middle,17,0,101,94
teamelement159.jpg,300,300,right,229,0,299,124
teamelement321.jpg,300,300,middle,8,0,99,78
teamelement439.jpg,300,300,middle,43,0,108,46
teamelement43.jpg,300,300,middle,0,0,60,94
teamelement613.jpg,300,300,right,208,0,269,50
teamelement24.jpg,300,300,middle,51,0,117,47
teamelement153.jpg,300,300,right,245,0,299,102
teamelement209.jpg,300,300,right,195,0,289,114
teamelement812.jpg,300,300,middle,0,0,55,108
teamelement310.jpg,300,300,middle,11,0,97,58
teamelement367.jpg,300,300,middle,87,0,152,54
teamelement1411.jpg,300,300,middle,0,0,72,93
teamelement1396.jpg,300,300,middle,2,0,48,78
teamelement362.jpg,300,300,middle,30,0,106,74
teamelement802.jpg,300,300,middle,0,0,74,133
teamelement1242.jpg,300,300,right,196,0,269,57
teamelement656.jpg,300,300,right,206,0,299,141
teamelement1083.jpg,300,300,middle,0,0,65,82
teamelement379.jpg,300,300,middle,0,0,49,132
teamelement208.jpg,300,300,right,177,0,275,106
teamelement1215.jpg,300,300,right,191,0,257,49
teamelement647.jpg,300,300,right,231,0,299,119
teamelement1107.jpg,300,300,middle,58,0,116,38
teamelement1367.jpg,300,300,right,212,0,268,30
teamelement1088.jpg,300,300,middle,49,0,118,59
teamelement682.jpg,300,300,middle,3,0,106,115
teamelement124.jpg,300,300,right,170,0,237,45
teamelement1115.jpg,300,300,middle,0,0,57,81
teamelement461.jpg,300,300,middle,14,0,116,98
teamelement843.jpg,300,300,right,237,0,299,76
teamelement489.jpg,300,300,right,207,0,284,80
teamelement627.jpg,300,300,right,200,0,264,49
teamelement1198.jpg,300,300,middle,24,0,93,65
teamelement1129.jpg,300,300,middle,7,0,86,81
teamelement1259.jpg,300,300,right,184,0,247,50
teamelement934.jpg,300,300,right,178,0,245,60
teamelement119.jpg,300,300,middle,0,0,73,90
teamelement650.jpg,300,300,right,182,0,293,147
teamelement994.jpg,300,300,right,236,0,299,136
teamelement1320.jpg,300,300,right,181,0,267,73
teamelement591.jpg,300,300,right,133,0,230,86
teamelement661.jpg,300,300,middle,42,0,116,69
teamelement634.jpg,300,300,right,203,0,280,74
teamelement1063.jpg,300,300,middle,41,0,105,44
teamelement711.jpg,300,300,middle,24,0,112,80
teamelement236.jpg,300,300,right,215,0,299,90
teamelement1325.jpg,300,300,right,195,0,269,60
teamelement377.jpg,300,300,middle,12,0,90,73
teamelement109.jpg,300,300,middle,0,0,88,84
teamelement110.jpg,300,300,middle,0,0,93,95
teamelement147.jpg,300,300,right,260,0,299,76
teamelement1175.jpg,300,300,middle,45,0,104,40
teamelement518.jpg,300,300,right,194,0,286,103
teamelement699.jpg,300,300,middle,24,0,89,56
teamelement1373.jpg,300,300,right,213,0,277,57
teamelement54.jpg,300,300,middle,32,0,108,70
teamelement694.jpg,300,300,middle,0,0,87,86
teamelement642.jpg,300,300,right,217,0,296,79
teamelement73.jpg,300,300,middle,15,0,84,58
teamelement1084.jpg,300,300,middle,27,0,99,78
teamelement442.jpg,300,300,middle,69,0,132,47
teamelement842.jpg,300,300,right,241,0,299,78
teamelement1365.jpg,300,300,right,161,0,214,28
teamelement1190.jpg,300,300,middle,18,0,82,62
teamelement707.jpg,300,300,middle,0,0,42,123
teamelement521.jpg,300,300,right,252,0,299,140
teamelement325.jpg,300,300,middle,0,0,77,109
teamelement925.jpg,300,300,right,174,0,280,125
teamelement1261.jpg,300,300,right,184,0,245,49
teamelement1102.jpg,300,300,middle,62,0,128,65
teamelement251.jpg,300,300,right,217,0,293,49
teamelement1018.jpg,300,300,right,227,0,299,77
teamelement1307.jpg,300,300,right,150,0,210,36
teamelement996.jpg,300,300,right,211,0,291,85
teamelement628.jpg,300,300,right,206,0,288,92
teamelement331.jpg,300,300,middle,46,0,114,34
teamelement359.jpg,300,300,middle,5,0,100,91
teamelement108.jpg,300,300,middle,22,0,102,69
teamelement84.jpg,300,300,middle,19,0,85,39
teamelement1377.jpg,300,300,right,204,0,274,64
teamelement137.jpg,300,300,right,171,0,227,17
teamelement399.jpg,300,300,middle,2,0,83,56
teamelement1037.jpg,300,300,middle,0,0,66,73
teamelement71.jpg,300,300,middle,0,0,79,76
teamelement702.jpg,300,300,middle,36,0,116,67
teamelement402.jpg,300,300,middle,0,0,81,86
teamelement277.jpg,300,300,right,228,0,299,56
teamelement493.jpg,300,300,right,205,0,270,47
teamelement166.jpg,300,300,right,172,0,237,57
teamelement16.jpg,300,300,middle,20,0,98,73
teamelement1051.jpg,300,300,middle,102,0,166,45
teamelement1186.jpg,300,300,middle,25,0,83,42
teamelement797.jpg,300,300,middle,40,0,116,72
teamelement338.jpg,300,300,middle,17,0,117,98
teamelement614.jpg,300,300,right,195,0,258,56
teamelement1202.jpg,300,300,right,193,0,256,49
teamelement158.jpg,300,300,right,208,0,299,118
teamelement818.jpg,300,300,middle,0,0,82,81
teamelement5.jpg,300,300,middle,15,0,94,67
teamelement696.jpg,300,300,middle,3,0,73,49
teamelement821.jpg,300,300,middle,25,0,124,95
teamelement366.jpg,300,300,middle,29,0,101,66
teamelement1266.jpg,300,300,right,213,0,287,75
teamelement45.jpg,300,300,middle,0,0,55,111
teamelement414.jpg,300,300,middle,23,0,95,47
teamelement413.jpg,300,300,middle,26,0,94,46
teamelement74.jpg,300,300,middle,36,0,102,53
teamelement390.jpg,300,300,middle,44,0,109,45
teamelement732.jpg,300,300,middle,30,0,102,72
teamelement1229.jpg,300,300,right,218,0,294,76
teamelement453.jpg,300,300,middle,0,0,96,115
teamelement825.jpg,300,300,middle,0,0,81,84
teamelement981.jpg,300,300,right,209,0,299,105
teamelement1360.jpg,300,300,right,221,0,281,57
teamelement782.jpg,300,300,middle,0,0,67,69
teamelement9.jpg,300,300,middle,14,0,93,71
teamelement1195.jpg,300,300,middle,41,0,109,64
teamelement255.jpg,300,300,right,224,0,299,79
teamelement328.jpg,300,300,middle,33,0,107,54
teamelement168.jpg,300,300,right,160,0,227,52
teamelement193.jpg,300,300,right,226,0,299,141
teamelement346.jpg,300,300,middle,12,0,93,66
teamelement272.jpg,300,300,right,201,0,286,86
teamelement543.jpg,300,300,right,178,0,245,58
teamelement426.jpg,300,300,middle,0,0,37,72
teamelement337.jpg,300,300,middle,70,0,147,63
teamelement882.jpg,300,300,right,216,0,297,60
teamelement599.jpg,300,300,right,147,0,228,88
teamelement708.jpg,300,300,middle,39,0,108,52
teamelement329.jpg,300,300,middle,0,0,79,107
teamelement966.jpg,300,300,right,260,0,299,103
teamelement1022.jpg,300,300,middle,38,0,113,64
teamelement978.jpg,300,300,right,182,0,268,86
teamelement95.jpg,300,300,middle,83,0,140,36
teamelement1351.jpg,300,300,right,207,0,281,70
teamelement148.jpg,300,300,right,221,0,299,86
teamelement1393.jpg,300,300,middle,24,0,104,79
teamelement484.jpg,300,300,right,193,0,265,71
teamelement809.jpg,300,300,middle,0,0,75,128
teamelement794.jpg,300,300,middle,0,0,90,86
teamelement943.jpg,300,300,right,145,0,227,67
teamelement100.jpg,300,300,middle,0,0,65,38
teamelement31.jpg,300,300,middle,0,0,60,78
teamelement1354.jpg,300,300,right,232,0,299,100
teamelement766.jpg,300,300,middle,0,0,89,99
teamelement174.jpg,300,300,right,191,0,293,139
teamelement832.jpg,300,300,middle,20,0,101,71
teamelement595.jpg,300,300,right,145,0,225,87
teamelement906.jpg,300,300,right,145,0,203,35
teamelement322.jpg,300,300,middle,0,0,70,77
teamelement467.jpg,300,300,middle,0,0,81,102
teamelement1191.jpg,300,300,middle,16,0,76,54
teamelement514.jpg,300,300,right,191,0,291,130
teamelement481.jpg,300,300,right,164,0,226,55
teamelement78.jpg,300,300,middle,9,0,76,39
teamelement1284.jpg,300,300,right,223,0,281,32
teamelement1185.jpg,300,300,middle,39,0,108,66
teamelement4.jpg,300,300,middle,18,0,104,89
teamelement1065.jpg,300,300,middle,40,0,119,75
teamelement233.jpg,300,300,right,230,0,299,84
teamelement743.jpg,300,300,middle,67,0,131,46
teamelement993.jpg,300,300,right,177,0,278,106
teamelement568.jpg,300,300,right,187,0,297,95
teamelement1007.jpg,300,300,right,194,0,252,33
teamelement555.jpg,300,300,right,234,0,299,57
teamelement960.jpg,300,300,right,205,0,285,87
teamelement526.jpg,300,300,right,181,0,249,68
teamelement239.jpg,300,300,right,197,0,287,84
teamelement640.jpg,300,300,right,218,0,299,121
teamelement845.jpg,300,300,right,233,0,299,74
teamelement17.jpg,300,300,middle,0,0,75,74
teamelement432.jpg,300,300,middle,33,0,124,122
teamelement1141.jpg,300,300,middle,0,0,70,88
teamelement1353.jpg,300,300,right,228,0,298,74
teamelement135.jpg,300,300,right,202,0,260,22
teamelement537.jpg,300,300,right,201,0,274,67
teamelement919.jpg,300,300,right,127,0,185,40
teamelement421.jpg,300,300,middle,59,0,130,60
teamelement1095.jpg,300,300,middle,58,0,159,119
teamelement851.jpg,300,300,right,191,0,263,55
teamelement734.jpg,300,300,middle,37,0,104,50
teamelement1139.jpg,300,300,middle,4,0,84,79
teamelement44.jpg,300,300,middle,0,0,65,101
teamelement349.jpg,300,300,middle,11,0,89,59
teamelement99.jpg,300,300,middle,32,0,93,39
teamelement263.jpg,300,300,right,187,0,261,64
teamelement1146.jpg,300,300,middle,15,0,98,59
teamelement861.jpg,300,300,right,185,0,252,38
teamelement1086.jpg,300,300,middle,46,0,126,77
teamelement920.jpg,300,300,right,122,0,186,42
teamelement365.jpg,300,300,middle,6,0,90,84
teamelement1183.jpg,300,300,middle,30,0,91,48
teamelement140.jpg,300,300,right,159,0,222,28
teamelement1427.jpg,300,300,middle,21,0,86,51
teamelement245.jpg,300,300,right,221,0,299,76
teamelement835.jpg,300,300,middle,31,0,117,85
teamelement868.jpg,300,300,right,204,0,289,75
teamelement57.jpg,300,300,middle,0,0,65,82
teamelement781.jpg,300,300,middle,0,0,88,72
teamelement470.jpg,300,300,middle,0,0,37,126
teamelement391.jpg,300,300,middle,34,0,108,49
teamelement234.jpg,300,300,right,213,0,299,85
teamelement423.jpg,300,300,middle,37,0,123,57
teamelement563.jpg,300,300,right,165,0,251,63
teamelement374.jpg,300,300,middle,73,0,136,45
teamelement726.jpg,300,300,middle,0,0,86,108
teamelement616.jpg,300,300,right,175,0,238,64
teamelement876.jpg,300,300,right,220,0,299,71
teamelement1021.jpg,300,300,middle,38,0,112,65
teamelement507.jpg,300,300,right,199,0,299,147
teamelement572.jpg,300,300,right,230,0,299,93
teamelement691.jpg,300,300,middle,7,0,92,75
teamelement258.jpg,300,300,right,223,0,299,62
teamelement1424.jpg,300,300,middle,58,0,120,47
teamelement211.jpg,300,300,right,238,0,299,127
teamelement557.jpg,300,300,right,212,0,277,47
teamelement76.jpg,300,300,middle,42,0,105,43
teamelement117.jpg,300,300,middle,42,0,122,78
teamelement1016.jpg,300,300,right,245,0,299,104
teamelement720.jpg,300,300,middle,0,0,90,72
teamelement577.jpg,300,300,right,184,0,280,80
teamelement1336.jpg,300,300,right,171,0,231,32
teamelement588.jpg,300,300,right,144,0,230,94
teamelement98.jpg,300,300,middle,39,0,100,41
teamelement226.jpg,300,300,right,164,0,239,64
teamelement1135.jpg,300,300,middle,48,0,110,46
teamelement838.jpg,300,300,middle,0,0,50,141
teamelement1421.jpg,300,300,middle,64,0,133,60
teamelement1342.jpg,300,300,right,212,0,286,53
teamelement900.jpg,300,300,right,237,0,299,101
teamelement544.jpg,300,300,right,161,0,222,51
teamelement598.jpg,300,300,right,151,0,229,84
teamelement551.jpg,300,300,right,235,0,295,39
teamelement1296.jpg,300,300,right,185,0,256,51
teamelement215.jpg,300,300,right,216,0,299,116
teamelement884.jpg,300,300,right,191,0,295,120
teamelement1304.jpg,300,300,right,187,0,264,84
teamelement280.jpg,300,300,right,209,0,283,45
teamelement1428.jpg,300,300,middle,80,0,141,47
teamelement142.jpg,300,300,right,192,0,263,44
teamelement175.jpg,300,300,right,206,0,299,131
teamelement429.jpg,300,300,middle,0,0,106,134
teamelement64.jpg,300,300,middle,0,0,86,130
teamelement278.jpg,300,300,right,188,0,260,45
teamelement775.jpg,300,300,middle,18,0,90,40
teamelement949.jpg,300,300,right,169,0,256,86
teamelement1241.jpg,300,300,right,207,0,267,34
teamelement1225.jpg,300,300,right,236,0,299,69
teamelement133.jpg,300,300,right,175,0,232,23
teamelement710.jpg,300,300,middle,40,0,118,65
teamelement561.jpg,300,300,right,235,0,299,105
teamelement177.jpg,300,300,right,215,0,299,105
teamelement1251.jpg,300,300,right,198,0,264,44
teamelement424.jpg,300,300,middle,26,0,108,55
teamelement87.jpg,300,300,middle,12,0,82,38
teamelement1085.jpg,300,300,middle,26,0,95,68
teamelement839.jpg,300,300,middle,15,0,101,89
teamelement260.jpg,300,300,right,218,0,294,58
teamelement363.jpg,300,300,middle,28,0,104,74
teamelement72.jpg,300,300,middle,8,0,82,67
teamelement813.jpg,300,300,middle,0,0,78,81
teamelement216.jpg,300,300,right,229,0,299,128
teamelement1379.jpg,300,300,right,200,0,282,94
teamelement552.jpg,300,300,right,244,0,299,39
teamelement853.jpg,300,300,right,218,0,297,79
teamelement20.jpg,300,300,middle,22,0,94,60
teamelement535.jpg,300,300,right,146,0,212,61
teamelement600.jpg,300,300,right,173,0,259,101
teamelement1041.jpg,300,300,middle,18,0,93,62
teamelement459.jpg,300,300,middle,0,0,76,62
teamelement18.jpg,300,300,middle,0,0,63,74
teamelement895.jpg,300,300,right,190,0,258,52
teamelement150.jpg,300,300,right,211,0,297,81
teamelement512.jpg,300,300,right,202,0,299,194
teamelement60.jpg,300,300,middle,0,0,98,98
teamelement295.jpg,300,300,right,165,0,228,46
teamelement253.jpg,300,300,right,244,0,299,74
teamelement945.jpg,300,300,right,212,0,295,70
teamelement999.jpg,300,300,right,230,0,299,62
teamelement40.jpg,300,300,middle,0,0,57,74
teamelement525.jpg,300,300,right,194,0,274,80
teamelement688.jpg,300,300,middle,57,0,128,66
teamelement1054.jpg,300,300,middle,0,0,60,68
teamelement1044.jpg,300,300,middle,0,0,55,28
teamelement62.jpg,300,300,middle,19,0,123,118
teamelement500.jpg,300,300,right,185,0,271,94
teamelement668.jpg,300,300,middle,53,0,117,36
teamelement877.jpg,300,300,right,180,0,289,144
teamelement1334.jpg,300,300,right,193,0,249,24
teamelement844.jpg,300,300,right,234,0,299,74
teamelement1177.jpg,300,300,middle,45,0,107,58
teamelement1227.jpg,300,300,right,210,0,281,60
teamelement144.jpg,300,300,right,194,0,277,52
teamelement1089.jpg,300,300,middle,90,0,156,58
teamelement1264.jpg,300,300,right,198,0,286,96
teamelement556.jpg,300,300,right,253,0,299,79
teamelement972.jpg,300,300,right,197,0,272,72
teamelement128.jpg,300,300,right,213,0,280,40
teamelement800.jpg,300,300,middle,28,0,110,63
teamelement1301.jpg,300,300,right,228,0,299,50
teamelement1002.jpg,300,300,right,248,0,299,53
teamelement990.jpg,300,300,right,208,0,294,92
teamelement1110.jpg,300,300,middle,39,0,97,38
teamelement1338.jpg,300,300,right,205,0,281,49
teamelement814.jpg,300,300,middle,14,0,96,70
teamelement672.jpg,300,300,middle,0,0,74,66
teamelement1361.jpg,300,300,right,191,0,245,40
teamelement746.jpg,300,300,middle,0,0,54,45
teamelement712.jpg,300,300,middle,41,0,117,65
teamelement810.jpg,300,300,middle,7,0,94,81
teamelement1319.jpg,300,300,right,201,0,271,42
teamelement499.jpg,300,300,right,230,0,299,139
teamelement35.jpg,300,300,middle,0,0,66,104
teamelement417.jpg,300,300,middle,24,0,108,59
teamelement1067.jpg,300,300,middle,47,0,113,46
teamelement904.jpg,300,300,right,185,0,250,52
teamelement1127.jpg,300,300,middle,0,0,45,80
teamelement1097.jpg,300,300,middle,11,0,106,102
teamelement849.jpg,300,300,right,187,0,259,62
teamelement995.jpg,300,300,right,226,0,299,73
teamelement19.jpg,300,300,middle,0,0,70,65
teamelement1082.jpg,300,300,middle,0,0,66,82
teamelement299.jpg,300,300,right,181,0,256,73
teamelement792.jpg,300,300,middle,22,0,106,74
teamelement1244.jpg,300,300,right,215,0,271,27
teamelement924.jpg,300,300,right,173,0,256,74
teamelement829.jpg,300,300,middle,41,0,123,75
teamelement788.jpg,300,300,middle,22,0,113,82
teamelement163.jpg,300,300,right,254,0,299,94
teamelement1289.jpg,300,300,right,186,0,244,23
teamelement761.jpg,300,300,middle,3,0,109,116
teamelement737.jpg,300,300,middle,48,0,119,60
teamelement729.jpg,300,300,middle,43,0,113,62
teamelement343.jpg,300,300,middle,0,0,57,54
teamelement799.jpg,300,300,middle,0,0,80,107
teamelement1058.jpg,300,300,middle,0,0,67,106
teamelement196.jpg,300,300,right,234,0,299,74
teamelement1258.jpg,300,300,right,209,0,278,51
teamelement1091.jpg,300,300,middle,16,0,114,114
teamelement416.jpg,300,300,middle,13,0,101,55
teamelement290.jpg,300,300,right,204,0,265,39
teamelement259.jpg,300,300,right,222,0,299,59
teamelement36.jpg,300,300,middle,0,0,77,101
teamelement190.jpg,300,300,right,210,0,277,49
teamelement6.jpg,300,300,middle,11,0,91,66
teamelement611.jpg,300,300,right,226,0,288,37
teamelement1292.jpg,300,300,right,204,0,291,70
teamelement1205.jpg,300,300,right,234,0,299,88
teamelement722.jpg,300,300,middle,3,0,87,92
teamelement1347.jpg,300,300,right,231,0,293,54
teamelement929.jpg,300,300,right,200,0,296,105
teamelement854.jpg,300,300,right,200,0,266,45
teamelement1167.jpg,300,300,middle,75,0,133,37
teamelement388.jpg,300,300,middle,37,0,121,54
teamelement207.jpg,300,300,right,155,0,256,95
teamelement1232.jpg,300,300,right,210,0,286,64
teamelement871.jpg,300,300,right,256,0,299,101
teamelement605.jpg,300,300,right,185,0,249,55
teamelement822.jpg,300,300,middle,33,0,120,80
teamelement1435.jpg,300,300,middle,31,0,91,35
teamelement1072.jpg,300,300,middle,49,0,130,62
teamelement1287.jpg,300,300,right,195,0,270,59
teamelement1355.jpg,300,300,right,213,0,281,61
teamelement181.jpg,300,300,right,194,0,268,71
teamelement1214.jpg,300,300,right,209,0,282,45
teamelement850.jpg,300,300,right,195,0,284,94
teamelement452.jpg,300,300,middle,0,0,102,111
teamelement1189.jpg,300,300,middle,38,0,99,41
teamelement364.jpg,300,300,middle,15,0,100,86
teamelement1438.jpg,300,300,middle,5,0,88,75
teamelement892.jpg,300,300,right,169,0,248,74
teamelement1340.jpg,300,300,right,214,0,296,56
teamelement254.jpg,300,300,right,246,0,299,82
teamelement753.jpg,300,300,middle,37,0,121,66
teamelement728.jpg,300,300,middle,16,0,98,84
teamelement1182.jpg,300,300,middle,26,0,95,69
teamelement658.jpg,300,300,right,211,0,291,90
teamelement195.jpg,300,300,right,216,0,299,106
teamelement1390.jpg,300,300,middle,54,0,118,56
teamelement264.jpg,300,300,right,178,0,256,73
teamelement145.jpg,300,300,right,156,0,242,61
teamelement1061.jpg,300,300,middle,10,0,91,81
teamelement594.jpg,300,300,right,179,0,282,93
teamelement979.jpg,300,300,right,208,0,299,115
teamelement704.jpg,300,300,middle,27,0,96,59
teamelement182.jpg,300,300,right,201,0,274,67
teamelement1123.jpg,300,300,middle,61,0,127,50
teamelement963.jpg,300,300,right,178,0,264,96
teamelement786.jpg,300,300,middle,29,0,109,72
teamelement27.jpg,300,300,middle,0,0,51,46
teamelement1059.jpg,300,300,middle,4,0,94,101
teamelement1350.jpg,300,300,right,214,0,275,57
teamelement608.jpg,300,300,right,230,0,289,34
teamelement1010.jpg,300,300,right,179,0,267,84
teamelement1345.jpg,300,300,right,227,0,294,55
teamelement65.jpg,300,300,middle,0,0,93,132
teamelement192.jpg,300,300,right,173,0,273,97
teamelement532.jpg,300,300,right,157,0,223,50
teamelement946.jpg,300,300,right,198,0,284,86
teamelement378.jpg,300,300,middle,0,0,89,116
teamelement1256.jpg,300,300,right,186,0,259,74
teamelement292.jpg,300,300,right,199,0,264,41
teamelement221.jpg,300,300,right,227,0,293,47
teamelement645.jpg,300,300,right,219,0,299,97
teamelement774.jpg,300,300,middle,0,0,69,47
teamelement228.jpg,300,300,right,201,0,277,54
teamelement1094.jpg,300,300,middle,56,0,139,81
teamelement1077.jpg,300,300,middle,0,0,89,112
teamelement909.jpg,300,300,right,240,0,299,29
teamelement723.jpg,300,300,middle,3,0,87,91
teamelement955.jpg,300,300,right,202,0,291,100
teamelement705.jpg,300,300,middle,25,0,94,39
teamelement15.jpg,300,300,middle,23,0,102,72
teamelement164.jpg,300,300,right,267,0,299,75
teamelement1048.jpg,300,300,middle,81,0,142,39
teamelement1162.jpg,300,300,middle,79,0,132,33
teamelement738.jpg,300,300,middle,59,0,128,66
teamelement997.jpg,300,300,right,214,0,287,59
teamelement959.jpg,300,300,right,251,0,299,123
teamelement94.jpg,300,300,middle,57,0,117,35
teamelement808.jpg,300,300,middle,0,0,54,119
teamelement964.jpg,300,300,right,150,0,234,93
teamelement48.jpg,300,300,middle,18,0,99,77
teamelement344.jpg,300,300,middle,0,0,61,59
teamelement1036.jpg,300,300,middle,14,0,103,79
teamelement213.jpg,300,300,right,192,0,278,83
teamelement1213.jpg,300,300,right,213,0,298,65
teamelement1236.jpg,300,300,right,199,0,254,25
teamelement1057.jpg,300,300,middle,42,0,113,59
teamelement987.jpg,300,300,right,187,0,273,101
teamelement1431.jpg,300,300,middle,64,0,130,48
teamelement659.jpg,300,300,right,184,0,271,112
teamelement1415.jpg,300,300,middle,45,0,108,46
teamelement386.jpg,300,300,middle,32,0,108,46
teamelement281.jpg,300,300,right,216,0,288,41
teamelement113.jpg,300,300,middle,14,0,103,95
teamelement336.jpg,300,300,middle,75,0,138,36
teamelement1120.jpg,300,300,middle,9,0,103,64
teamelement348.jpg,300,300,middle,0,0,75,83
teamelement162.jpg,300,300,right,207,0,299,124
teamelement471.jpg,300,300,middle,0,0,70,114
teamelement1222.jpg,300,300,right,199,0,260,52
teamelement1243.jpg,300,300,right,203,0,266,42
teamelement1383.jpg,300,300,right,68,0,128,54
teamelement1160.jpg,300,300,middle,33,0,98,61
teamelement1238.jpg,300,300,right,215,0,289,55
teamelement265.jpg,300,300,right,179,0,258,82
teamelement1073.jpg,300,300,middle,0,0,69,48
teamelement103.jpg,300,300,middle,15,0,76,36
teamelement1339.jpg,300,300,right,214,0,299,57
teamelement214.jpg,300,300,right,173,0,261,91
teamelement1356.jpg,300,300,right,207,0,288,96
teamelement539.jpg,300,300,right,195,0,269,67
teamelement105.jpg,300,300,middle,34,0,98,39
teamelement857.jpg,300,300,right,162,0,222,39
teamelement114.jpg,300,300,middle,30,0,117,102
teamelement160.jpg,300,300,right,219,0,299,130
teamelement1096.jpg,300,300,middle,43,0,153,131
teamelement1419.jpg,300,300,middle,25,0,101,76
teamelement1335.jpg,300,300,right,188,0,249,30
teamelement607.jpg,300,300,right,219,0,279,37
teamelement1043.jpg,300,300,middle,34,0,93,26
teamelement1211.jpg,300,300,right,216,0,285,43
teamelement1012.jpg,300,300,right,134,0,200,46
teamelement575.jpg,300,300,right,203,0,299,88
teamelement1001.jpg,300,300,right,228,0,299,47
teamelement523.jpg,300,300,right,227,0,299,122
teamelement1237.jpg,300,300,right,232,0,287,25
teamelement138.jpg,300,300,right,165,0,222,15
teamelement1017.jpg,300,300,right,212,0,299,119
teamelement811.jpg,300,300,middle,19,0,107,82
teamelement573.jpg,300,300,right,240,0,299,93
teamelement796.jpg,300,300,middle,26,0,106,69
teamelement968.jpg,300,300,right,252,0,299,103
teamelement1374.jpg,300,300,right,240,0,299,56
teamelement1114.jpg,300,300,middle,25,0,101,61
teamelement401.jpg,300,300,middle,58,0,125,61
teamelement59.jpg,300,300,middle,0,0,94,93
teamelement1149.jpg,300,300,middle,0,0,49,60
teamelement330.jpg,300,300,middle,0,0,75,80
teamelement935.jpg,300,300,right,192,0,274,90
teamelement618.jpg,300,300,right,197,0,268,67
teamelement1288.jpg,300,300,right,193,0,245,20
teamelement1423.jpg,300,300,middle,56,0,139,96
teamelement69.jpg,300,300,middle,0,0,92,90
teamelement466.jpg,300,300,middle,39,0,125,94
teamelement1434.jpg,300,300,middle,30,0,91,33
teamelement580.jpg,300,300,right,158,0,253,71
teamelement79.jpg,300,300,middle,5,0,71,37
teamelement220.jpg,300,300,right,216,0,287,52
teamelement1254.jpg,300,300,right,198,0,260,43
teamelement286.jpg,300,300,right,210,0,276,31
teamelement620.jpg,300,300,right,188,0,285,120
teamelement1253.jpg,300,300,right,224,0,298,82
teamelement689.jpg,300,300,middle,6,0,90,78
teamelement237.jpg,300,300,right,202,0,298,84
teamelement371.jpg,300,300,middle,95,0,156,41
teamelement831.jpg,300,300,middle,0,0,68,82
teamelement1332.jpg,300,300,right,206,0,250,23
teamelement1389.jpg,300,300,middle,73,0,139,53
teamelement289.jpg,300,300,right,228,0,293,41
teamelement1369.jpg,300,300,right,224,0,281,30
teamelement194.jpg,300,300,right,223,0,299,163
teamelement257.jpg,300,300,right,214,0,296,60
teamelement969.jpg,300,300,right,268,0,299,82
teamelement394.jpg,300,300,middle,14,0,94,62
teamelement805.jpg,300,300,middle,0,0,84,138
teamelement604.jpg,300,300,right,187,0,254,60
teamelement1138.jpg,300,300,middle,0,0,38,90
teamelement632.jpg,300,300,right,227,0,289,37
teamelement1337.jpg,300,300,right,196,0,264,38
teamelement482.jpg,300,300,right,162,0,225,53
teamelement494.jpg,300,300,right,228,0,290,52
teamelement97.jpg,300,300,middle,22,0,83,39
teamelement1104.jpg,300,300,middle,78,0,136,45
teamelement817.jpg,300,300,middle,49,0,128,60
teamelement1008.jpg,300,300,right,186,0,260,59
teamelement578.jpg,300,300,right,209,0,299,83
teamelement51.jpg,300,300,middle,0,0,56,94
teamelement662.jpg,300,300,middle,42,0,117,68
teamelement219.jpg,300,300,right,219,0,296,70
teamelement70.jpg,300,300,middle,0,0,76,80
teamelement1045.jpg,300,300,middle,7,0,69,31
teamelement201.jpg,300,300,right,172,0,260,88
teamelement1265.jpg,300,300,right,200,0,270,54
teamelement515.jpg,300,300,right,182,0,275,114
teamelement67.jpg,300,300,middle,0,0,102,113
teamelement32.jpg,300,300,middle,0,0,64,85
teamelement742.jpg,300,300,middle,58,0,119,46
teamelement46.jpg,300,300,middle,0,0,65,123
teamelement217.jpg,300,300,right,243,0,299,95
teamelement80.jpg,300,300,middle,3,0,68,38
teamelement440.jpg,300,300,middle,90,0,157,45
teamelement1391.jpg,300,300,middle,58,0,143,97
teamelement1113.jpg,300,300,middle,31,0,97,48
teamelement340.jpg,300,300,middle,62,0,135,51
teamelement941.jpg,300,300,right,189,0,279,92
teamelement85.jpg,300,300,middle,20,0,84,39
teamelement1219.jpg,300,300,right,242,0,299,61
teamelement1076.jpg,300,300,middle,31,0,98,51
teamelement866.jpg,300,300,right,206,0,299,109
teamelement246.jpg,300,300,right,215,0,297,71
teamelement1188.jpg,300,300,middle,3,0,70,60
teamelement146.jpg,300,300,right,193,0,293,66
teamelement155.jpg,300,300,right,223,0,299,123
teamelement351.jpg,300,300,middle,7,0,79,47
teamelement156.jpg,300,300,right,201,0,298,123
teamelement373.jpg,300,300,middle,96,0,161,44
teamelement735.jpg,300,300,middle,41,0,105,48
teamelement603.jpg,300,300,right,171,0,236,52
teamelement25.jpg,300,300,middle,32,0,99,44
teamelement667.jpg,300,300,middle,76,0,139,40
teamelement77.jpg,300,300,middle,37,0,101,40
teamelement758.jpg,300,300,middle,30,0,132,98
teamelement927.jpg,300,300,right,202,0,299,115
teamelement576.jpg,300,300,right,198,0,299,85
teamelement1221.jpg,300,300,right,205,0,266,52
teamelement33.jpg,300,300,middle,0,0,104,116
teamelement496.jpg,300,300,right,214,0,289,80
teamelement912.jpg,300,300,right,228,0,287,27
teamelement815.jpg,300,300,middle,6,0,103,97
teamelement14.jpg,300,300,middle,0,0,73,66
teamelement297.jpg,300,300,right,177,0,244,56
teamelement345.jpg,300,300,middle,8,0,86,59
teamelement1267.jpg,300,300,right,181,0,261,82
teamelement1274.jpg,300,300,right,195,0,288,91
teamelement1039.jpg,300,300,middle,0,0,66,63
teamelement951.jpg,300,300,right,166,0,248,73
teamelement475.jpg,300,300,middle,18,0,92,69
teamelement1226.jpg,300,300,right,212,0,299,92
teamelement867.jpg,300,300,right,165,0,252,52
teamelement1121.jpg,300,300,middle,2,0,83,60
teamelement623.jpg,300,300,right,160,0,248,110
teamelement1009.jpg,300,300,right,196,0,291,89
teamelement621.jpg,300,300,right,202,0,283,84
teamelement1420.jpg,300,300,middle,0,0,87,129
teamelement22.jpg,300,300,middle,72,0,140,54
teamelement383.jpg,300,300,middle,0,0,59,111
teamelement1165.jpg,300,300,middle,51,0,106,36
teamelement58.jpg,300,300,middle,0,0,62,85
teamelement870.jpg,300,300,right,219,0,299,59
teamelement789.jpg,300,300,middle,71,0,146,51
teamelement176.jpg,300,300,right,212,0,299,124
